priority_bucket,pincodes,avg_priority_score
critical,100,0.542581104782557
high,400,0.4397426306555618
medium,1500,0.3666204767372481
monitor,17879,0.2952927740784246
